time,open_interest,oi_value
2026-07-07 18:00:00+00:00,101275.015,6497774579.8955
2026-07-07 19:00:00+00:00,101227.087,6443954395.0808
2026-07-07 20:00:00+00:00,100370.329,6401990953.8373
2026-07-07 21:00:00+00:00,100132.745,6375348159.844961
2026-07-07 22:00:00+00:00,99832.44,6329336763.024
2026-07-07 23:00:00+00:00,99538.698,6322233803.7517805
2026-07-08 00:00:00+00:00,99418.277,6296278784.3424
2026-07-08 01:00:00+00:00,99331.949,6316002110.7752
2026-07-08 02:00:00+00:00,99387.536,6262733598.13542
2026-07-08 03:00:00+00:00,99870.271,6286973377.8294
2026-07-08 04:00:00+00:00,99665.097,6253087850.877
2026-07-08 05:00:00+00:00,99665.987,6256581207.813769
2026-07-08 06:00:00+00:00,99578.289,6234755999.5524
2026-07-08 07:00:00+00:00,99608.22,6238313406.27
2026-07-08 08:00:00+00:00,99309.051,6242287939.960185
2026-07-08 09:00:00+00:00,99656.036,6177328875.514
2026-07-08 10:00:00+00:00,100115.321,6210033223.2448
2026-07-08 11:00:00+00:00,100476.035,6243945625.180846
2026-07-08 12:00:00+00:00,100439.607,6254375284.978011
2026-07-08 13:00:00+00:00,100464.994,6222523831.266051
2026-07-08 14:00:00+00:00,101036.351,6256281524.321472
2026-07-08 15:00:00+00:00,101482.092,6278220066.2076
2026-07-08 16:00:00+00:00,101720.294,6274927934.998772
2026-07-08 17:00:00+00:00,102003.942,6333047344.1946
2026-07-08 18:00:00+00:00,101345.38,6290939707.987763
2026-07-08 19:00:00+00:00,101186.436,6290027062.8668165
2026-07-08 20:00:00+00:00,101114.772,6295486596.5376
2026-07-08 21:00:00+00:00,100907.024,6264131256.880596
2026-07-08 22:00:00+00:00,100703.969,6259990332.1687
2026-07-08 23:00:00+00:00,100550.431,6264768822.897629
2026-07-09 00:00:00+00:00,100362.595,6248314221.953
2026-07-09 01:00:00+00:00,100475.989,6239739773.6802
2026-07-09 02:00:00+00:00,99839.861,6178775055.188123
2026-07-09 03:00:00+00:00,100175.777,6186177930.351807
2026-07-09 04:00:00+00:00,100118.173,6201814739.5736065
2026-07-09 05:00:00+00:00,100222.514,6256387692.677277
2026-07-09 06:00:00+00:00,100211.712,6270383839.023204
2026-07-09 07:00:00+00:00,99351.494,6253425359.293472
2026-07-09 08:00:00+00:00,99269.478,6251356399.7808
2026-07-09 09:00:00+00:00,99321.036,6245017196.950181
2026-07-09 10:00:00+00:00,99408.433,6255275646.525
2026-07-09 11:00:00+00:00,99228.112,6227447438.624375
2026-07-09 12:00:00+00:00,99385.13,6237013218.28
2026-07-09 13:00:00+00:00,98794.349,6182956690.12322
2026-07-09 14:00:00+00:00,99433.303,6264131520.204138
2026-07-09 15:00:00+00:00,99051.773,6238886544.573096
2026-07-09 16:00:00+00:00,99050.826,6224402551.997637
2026-07-09 17:00:00+00:00,99153.36,6214708701.4249525
2026-07-09 18:00:00+00:00,100117.902,6318968904.819527
2026-07-09 19:00:00+00:00,100028.654,6321813540.068872
2026-07-09 20:00:00+00:00,100332.39,6342933429.888
2026-07-09 21:00:00+00:00,100239.463,6344025301.9681
2026-07-09 22:00:00+00:00,99942.076,6321226370.7164
2026-07-09 23:00:00+00:00,100301.043,6337917875.260804
2026-07-10 00:00:00+00:00,100146.651,6329051472.724009
2026-07-10 01:00:00+00:00,100051.296,6312058093.582232
2026-07-10 02:00:00+00:00,100252.678,6388762309.8348
2026-07-10 03:00:00+00:00,100743.926,6441098208.605199
2026-07-10 04:00:00+00:00,101189.065,6467691348.6985
2026-07-10 05:00:00+00:00,101366.704,6489415296.7168
2026-07-10 06:00:00+00:00,101407.658,6499253563.396404
2026-07-10 07:00:00+00:00,101509.667,6479636120.7109
2026-07-10 08:00:00+00:00,101815.783,6511740399.1263
2026-07-10 09:00:00+00:00,102445.108,6578644790.391448
2026-07-10 10:00:00+00:00,103258.167,6645807715.6089
2026-07-10 11:00:00+00:00,103326.829,6651571622.7289
2026-07-10 12:00:00+00:00,103461.983,6662395359.378855
2026-07-10 13:00:00+00:00,103806.489,6670731152.4055605
2026-07-10 14:00:00+00:00,104056.864,6707245311.28
2026-07-10 15:00:00+00:00,103518.401,6613672479.63622
2026-07-10 16:00:00+00:00,103582.526,6631618389.883641
2026-07-10 17:00:00+00:00,103555.345,6640340535.3657055
2026-07-10 18:00:00+00:00,103633.751,6612403263.383573
2026-07-10 19:00:00+00:00,103562.207,6606533561.458729
2026-07-10 20:00:00+00:00,103540.286,6615944716.6278
2026-07-10 21:00:00+00:00,103789.199,6623832660.092262
2026-07-10 22:00:00+00:00,103506.757,6623170551.372321
2026-07-10 23:00:00+00:00,104196.631,6677951661.1269
2026-07-11 00:00:00+00:00,103937.498,6665459777.991
2026-07-11 01:00:00+00:00,103852.877,6656336654.418903
2026-07-11 02:00:00+00:00,103589.823,6627846623.979275
2026-07-11 03:00:00+00:00,103646.835,6646928538.815814
2026-07-11 04:00:00+00:00,103757.876,6652674862.8548
2026-07-11 05:00:00+00:00,103751.958,6652928303.6172
2026-07-11 06:00:00+00:00,103781.826,6656872491.8191805
2026-07-11 07:00:00+00:00,103744.172,6658996044.9124
2026-07-11 08:00:00+00:00,103704.659,6650849413.7834
2026-07-11 09:00:00+00:00,103680.049,6660375243.7453
2026-07-11 10:00:00+00:00,103619.73,6646490703.363
2026-07-11 11:00:00+00:00,103717.87,6655540300.502221
2026-07-11 12:00:00+00:00,103728.302,6656877881.9822
2026-07-11 13:00:00+00:00,103673.874,6652596983.769
2026-07-11 14:00:00+00:00,103768.465,6663377834.6635
2026-07-11 15:00:00+00:00,104030.624,6691608460.410021
2026-07-11 16:00:00+00:00,102363.712,6565929995.038432
2026-07-11 17:00:00+00:00,102270.07,6560454729.360696
2026-07-11 18:00:00+00:00,102331.756,6579261640.764797
2026-07-11 19:00:00+00:00,102345.455,6580792287.409
2026-07-11 20:00:00+00:00,102414.387,6581347507.937392
2026-07-11 21:00:00+00:00,102251.82,6580627485.500164
2026-07-11 22:00:00+00:00,102079.889,6566456683.700951
2026-07-11 23:00:00+00:00,101971.964,6543463662.472012
2026-07-12 00:00:00+00:00,101386.256,6467203161.257036
2026-07-12 01:00:00+00:00,101308.174,6463137315.0432
2026-07-12 02:00:00+00:00,101137.351,6483511267.98772
2026-07-12 03:00:00+00:00,101299.714,6488504741.986992
2026-07-12 04:00:00+00:00,101436.081,6512378985.1458
2026-07-12 05:00:00+00:00,101537.594,6495796499.8342
2026-07-12 06:00:00+00:00,101259.183,6474309642.654
2026-07-12 07:00:00+00:00,101188.411,6448716825.056905
2026-07-12 08:00:00+00:00,101067.289,6453793233.2996
2026-07-12 09:00:00+00:00,100908.638,6453258763.057
2026-07-12 10:00:00+00:00,100919.018,6451920325.1027565
2026-07-12 11:00:00+00:00,100916.591,6442137987.099359
2026-07-12 12:00:00+00:00,101161.543,6473858019.153164
2026-07-12 13:00:00+00:00,101234.624,6479051119.433521
2026-07-12 14:00:00+00:00,101224.323,6478093488.7602
2026-07-12 15:00:00+00:00,101310.522,6501873291.02354
2026-07-12 16:00:00+00:00,101118.452,6486777432.492096
2026-07-12 17:00:00+00:00,100981.755,6477656441.634
2026-07-12 18:00:00+00:00,100895.27,6462372312.081
2026-07-12 19:00:00+00:00,100960.712,6474070527.792952
2026-07-12 20:00:00+00:00,101032.135,6486455028.0565
2026-07-12 21:00:00+00:00,100977.393,6479567842.7205
2026-07-12 22:00:00+00:00,100924.407,6448042748.99518
2026-07-12 23:00:00+00:00,100634.766,6426043046.4066
2026-07-13 00:00:00+00:00,100679.523,6418319591.25
2026-07-13 01:00:00+00:00,99690.346,6384881086.745785
2026-07-13 02:00:00+00:00,99704.147,6320157755.758887
2026-07-13 03:00:00+00:00,100085.132,6340223210.436261
2026-07-13 04:00:00+00:00,99410.812,6241020718.4412
2026-07-13 05:00:00+00:00,99609.782,6240532920.3436
2026-07-13 06:00:00+00:00,100017.252,6277492806.2532
2026-07-13 07:00:00+00:00,100066.037,6280804917.9642
2026-07-13 08:00:00+00:00,100053.43,6298633562.761
2026-07-13 09:00:00+00:00,99614.486,6293135191.6014
2026-07-13 10:00:00+00:00,99814.772,6295726910.6052
2026-07-13 11:00:00+00:00,102524.985,6443151924.8295
2026-07-13 12:00:00+00:00,102674.651,6456325799.3914
2026-07-13 13:00:00+00:00,103759.31,6495104535.518
2026-07-13 14:00:00+00:00,106290.472,6622128890.59026
2026-07-13 15:00:00+00:00,107064.495,6720941685.900519
2026-07-13 16:00:00+00:00,106886.706,6692000900.639357
2026-07-13 17:00:00+00:00,106681.781,6641852526.245596
2026-07-13 18:00:00+00:00,107407.719,6646408486.208084
2026-07-13 19:00:00+00:00,107516.944,6665770983.9456
2026-07-13 20:00:00+00:00,107163.711,6672567936.595126
2026-07-13 21:00:00+00:00,107001.137,6653678129.025634
2026-07-13 22:00:00+00:00,106957.164,6635102458.280356
2026-07-13 23:00:00+00:00,107176.217,6633993479.866
2026-07-14 00:00:00+00:00,107308.904,6686095881.528
2026-07-14 01:00:00+00:00,107133.418,6698056286.7526
2026-07-14 02:00:00+00:00,107073.234,6692669464.216785
2026-07-14 03:00:00+00:00,106967.166,6687255620.1054
2026-07-14 04:00:00+00:00,106667.92,6671873857.171097
2026-07-14 05:00:00+00:00,106553.564,6682887289.884249
2026-07-14 06:00:00+00:00,106325.509,6666884964.56092
2026-07-14 07:00:00+00:00,106269.935,6652360596.360873
2026-07-14 08:00:00+00:00,106236.655,6642935542.488
2026-07-14 09:00:00+00:00,106352.67,6666401049.604239
2026-07-14 10:00:00+00:00,106116.538,6643352658.765224
2026-07-14 11:00:00+00:00,105995.817,6653116192.755086
2026-07-14 12:00:00+00:00,106129.986,6666085134.702169
2026-07-14 13:00:00+00:00,102191.048,6533768597.7664
2026-07-14 14:00:00+00:00,102328.63,6529022902.572898
2026-07-14 15:00:00+00:00,104002.563,6687846512.886649
2026-07-14 16:00:00+00:00,104667.929,6774882907.5546
2026-07-14 17:00:00+00:00,105508.539,6826825843.132909
2026-07-14 18:00:00+00:00,103617.922,6693586716.375638
2026-07-14 19:00:00+00:00,103570.11,6684829179.84
2026-07-14 20:00:00+00:00,103582.455,6684745524.6525
2026-07-14 21:00:00+00:00,103634.847,6688697648.512737
2026-07-14 22:00:00+00:00,103400.195,6684973896.582976
2026-07-14 23:00:00+00:00,105302.509,6827967821.641795
2026-07-15 00:00:00+00:00,105378.41,6851145712.627
2026-07-15 01:00:00+00:00,105846.787,6859025713.401283
2026-07-15 02:00:00+00:00,106022.997,6853739292.814447
2026-07-15 03:00:00+00:00,106351.242,6856783625.466
2026-07-15 04:00:00+00:00,106350.893,6887595656.122413
2026-07-15 05:00:00+00:00,106418.963,6887807751.7305
2026-07-15 06:00:00+00:00,106395.225,6906177891.885
2026-07-15 07:00:00+00:00,106841.895,6922403903.1345
2026-07-15 08:00:00+00:00,106380.929,6864809775.590107
2026-07-15 09:00:00+00:00,106274.857,6880754988.9793
2026-07-15 10:00:00+00:00,106415.893,6879212836.6278
2026-07-15 11:00:00+00:00,106166.602,6861948029.231434
2026-07-15 12:00:00+00:00,106184.235,6870905767.839
2026-07-15 13:00:00+00:00,106890.347,6962722498.379254
2026-07-15 14:00:00+00:00,106740.871,6947773967.4771
2026-07-15 15:00:00+00:00,106636.427,6970351970.300853
2026-07-15 16:00:00+00:00,106468.537,6962286923.987256
2026-07-15 17:00:00+00:00,104845.484,6824340130.818
2026-07-15 18:00:00+00:00,103666.869,6740741189.6739
2026-07-15 19:00:00+00:00,103518.985,6711249668.4335
2026-07-15 20:00:00+00:00,103416.934,6715306217.4362
2026-07-15 21:00:00+00:00,103371.244,6712918248.2356
2026-07-15 22:00:00+00:00,103127.717,6682676061.6
2026-07-15 23:00:00+00:00,103070.845,6682398958.55273
2026-07-16 00:00:00+00:00,102994.606,6666039336.797489
2026-07-16 01:00:00+00:00,103110.998,6656230152.13488
2026-07-16 02:00:00+00:00,103229.446,6678800634.9756
2026-07-16 03:00:00+00:00,103283.306,6673804975.008113
2026-07-16 04:00:00+00:00,103307.822,6672962146.446
2026-07-16 05:00:00+00:00,103238.055,6669853661.545384
2026-07-16 06:00:00+00:00,102592.871,6658061882.8709
2026-07-16 07:00:00+00:00,102273.324,6622446278.3754225
2026-07-16 08:00:00+00:00,102107.543,6555731485.958625
2026-07-16 09:00:00+00:00,102044.577,6540868640.945165
2026-07-16 10:00:00+00:00,102239.323,6549849764.7397
2026-07-16 11:00:00+00:00,102054.457,6550621692.673864
2026-07-16 12:00:00+00:00,102175.196,6562375660.9332
2026-07-16 13:00:00+00:00,102079.794,6527125167.901449
2026-07-16 14:00:00+00:00,101593.646,6537561279.4646
2026-07-16 15:00:00+00:00,100993.592,6515201160.72912
2026-07-16 16:00:00+00:00,100645.102,6509493713.6254
2026-07-16 17:00:00+00:00,100701.176,6490583527.7864
2026-07-16 18:00:00+00:00,101094.809,6474845922.51744
2026-07-16 19:00:00+00:00,100936.778,6483311280.689256
2026-07-16 20:00:00+00:00,100903.362,6482697852.9834
2026-07-16 21:00:00+00:00,100909.289,6468668763.201952
2026-07-16 22:00:00+00:00,100902.255,6471467026.68
2026-07-16 23:00:00+00:00,101405.489,6483826404.4644
2026-07-17 00:00:00+00:00,101759.822,6492865497.457071
2026-07-17 01:00:00+00:00,101509.41,6482593941.42
2026-07-17 02:00:00+00:00,101485.729,6445666930.076992
2026-07-17 03:00:00+00:00,101832.502,6462785519.037387
2026-07-17 04:00:00+00:00,101968.72,6478888531.36
2026-07-17 05:00:00+00:00,101836.876,6463251266.464295
2026-07-17 06:00:00+00:00,102152.918,6416224779.58
2026-07-17 07:00:00+00:00,102653.012,6458047994.447332
2026-07-17 08:00:00+00:00,102556.301,6439797297.4328
2026-07-17 09:00:00+00:00,102044.21,6414243930.075
2026-07-17 10:00:00+00:00,102053.45,6425583503.881027
2026-07-17 11:00:00+00:00,102241.802,6456569796.3
2026-07-17 12:00:00+00:00,101952.693,6450730400.9574
2026-07-17 13:00:00+00:00,101250.465,6385573201.2015
2026-07-17 14:00:00+00:00,101323.077,6394770784.066337
2026-07-17 15:00:00+00:00,100688.722,6358492794.3
2026-07-17 16:00:00+00:00,100363.601,6366304084.0724
2026-07-17 17:00:00+00:00,100739.572,6402855143.755521
2026-07-17 18:00:00+00:00,100544.832,6436558401.1776
2026-07-17 19:00:00+00:00,100412.054,6448813550.069
2026-07-17 20:00:00+00:00,99997.191,6411140627.739926
2026-07-17 21:00:00+00:00,100037.553,6411209558.608342
2026-07-17 22:00:00+00:00,100095.499,6413864322.242863
2026-07-17 23:00:00+00:00,100154.356,6405226695.248767
2026-07-18 00:00:00+00:00,100175.458,6401812818.948
2026-07-18 01:00:00+00:00,100275.16,6405727633.54
2026-07-18 02:00:00+00:00,100370.386,6416598480.6712
2026-07-18 03:00:00+00:00,100362.875,6416359179.35
2026-07-18 04:00:00+00:00,100379.919,6423573160.422975
2026-07-18 05:00:00+00:00,100377.274,6418755276.3862
2026-07-18 06:00:00+00:00,100324.49,6414376689.987
2026-07-18 07:00:00+00:00,100248.985,6411343636.487
2026-07-18 08:00:00+00:00,100378.394,6423411186.225085
2026-07-18 09:00:00+00:00,100541.741,6432369018.1311
2026-07-18 10:00:00+00:00,100553.858,6431714647.894491
2026-07-18 11:00:00+00:00,100531.125,6432116712.440156
2026-07-18 12:00:00+00:00,100624.737,6443515169.18541
2026-07-18 13:00:00+00:00,100800.078,6469609632.676443
2026-07-18 14:00:00+00:00,100546.174,6443132752.324065
2026-07-18 15:00:00+00:00,100705.363,6455148299.597491
2026-07-18 16:00:00+00:00,100702.476,6454011616.5924
2026-07-18 17:00:00+00:00,101808.477,6543139580.164301
2026-07-18 18:00:00+00:00,101669.717,6552604861.110761
2026-07-18 19:00:00+00:00,101495.505,6544235690.392883
2026-07-18 20:00:00+00:00,101498.162,6549585045.5142
2026-07-18 21:00:00+00:00,101273.927,6548929126.4185
2026-07-18 22:00:00+00:00,101150.239,6544258325.330564
2026-07-18 23:00:00+00:00,101127.604,6550754612.788199
2026-07-19 00:00:00+00:00,101424.449,6572983839.0083
2026-07-19 01:00:00+00:00,101989.575,6603875976.0375
2026-07-19 02:00:00+00:00,102765.83,6654087492.5
2026-07-19 03:00:00+00:00,102314.672,6629575002.534472
2026-07-19 04:00:00+00:00,102233.852,6613068280.3164
2026-07-19 05:00:00+00:00,102188.37,6610790469.714
2026-07-19 06:00:00+00:00,102237.473,6614263539.4823
2026-07-19 07:00:00+00:00,102332.031,6619079257.473669
2026-07-19 08:00:00+00:00,102449.548,6627635202.568817
2026-07-19 09:00:00+00:00,102428.504,6624891267.4128
2026-07-19 10:00:00+00:00,102477.77,6609324271.704
2026-07-19 11:00:00+00:00,102544.765,6619931121.7225
2026-07-19 12:00:00+00:00,102500.985,6605737478.916
2026-07-19 13:00:00+00:00,102954.419,6632157164.842109
2026-07-19 14:00:00+00:00,102944.336,6635175173.962748
2026-07-19 15:00:00+00:00,102825.243,6638735799.832164
2026-07-19 16:00:00+00:00,102713.167,6630319075.950912
2026-07-19 17:00:00+00:00,102707.587,6625728061.9222
2026-07-19 18:00:00+00:00,102546.36,6616301401.836
2026-07-19 19:00:00+00:00,102595.321,6606553879.0703
2026-07-19 20:00:00+00:00,102666.36,6615821888.500964
2026-07-19 21:00:00+00:00,102660.335,6623234172.86
2026-07-19 22:00:00+00:00,102507.338,6601065520.08886
2026-07-19 23:00:00+00:00,102347.793,6616047913.3404
2026-07-20 00:00:00+00:00,102374.608,6623104789.6384
2026-07-20 01:00:00+00:00,101787.412,6567924367.9708
2026-07-20 02:00:00+00:00,101745.02,6572888746.108477
2026-07-20 03:00:00+00:00,101889.146,6602426849.7146
2026-07-20 04:00:00+00:00,101868.991,6605114068.1463
2026-07-20 05:00:00+00:00,101858.368,6570720346.2912
2026-07-20 06:00:00+00:00,101646.635,6515422024.971536
2026-07-20 07:00:00+00:00,101639.943,6493775958.27
2026-07-20 08:00:00+00:00,101863.304,6544707095.6696
2026-07-20 09:00:00+00:00,102321.777,6551806631.7978
2026-07-20 10:00:00+00:00,102218.22,6560017817.652
2026-07-20 11:00:00+00:00,102084.126,6562018661.343
2026-07-20 12:00:00+00:00,102587.156,6665726368.993057
2026-07-20 13:00:00+00:00,102116.983,6599534683.7376
2026-07-20 14:00:00+00:00,101681.688,6540021865.213512
2026-07-20 15:00:00+00:00,101801.27,6555796594.262375
2026-07-20 16:00:00+00:00,103462.998,6784484382.975109
2026-07-20 17:00:00+00:00,104344.78,6832350111.708
2026-07-20 18:00:00+00:00,104549.692,6854287966.265421
2026-07-20 19:00:00+00:00,103900.603,6776099614.787139
2026-07-20 20:00:00+00:00,102509.476,6675130050.5872
2026-07-20 21:00:00+00:00,101756.463,6649255723.4424
2026-07-20 22:00:00+00:00,101496.782,6623517598.4688
2026-07-20 23:00:00+00:00,101299.707,6596516174.993767
2026-07-21 00:00:00+00:00,101264.626,6605274763.2935095
2026-07-21 01:00:00+00:00,101597.846,6659444171.5466
2026-07-21 02:00:00+00:00,101441.868,6614517002.94
2026-07-21 03:00:00+00:00,101483.412,6635818815.686881
2026-07-21 04:00:00+00:00,101579.103,6658537467.542285
2026-07-21 05:00:00+00:00,101979.123,6679043647.0168915
2026-07-21 06:00:00+00:00,102345.907,6727250322.999021
2026-07-21 07:00:00+00:00,103165.224,6797928493.827756
2026-07-21 08:00:00+00:00,104682.503,6926945906.013
2026-07-21 09:00:00+00:00,105204.484,6964536840.8
2026-07-21 10:00:00+00:00,105548.744,6993801712.966179
2026-07-21 11:00:00+00:00,105128.736,6955469266.853875
2026-07-21 12:00:00+00:00,105432.478,6992060532.7562
2026-07-21 13:00:00+00:00,105439.664,7014679422.6256
2026-07-21 14:00:00+00:00,105838.605,7065087138.050992
2026-07-21 15:00:00+00:00,106451.815,7111732416.918284
2026-07-21 16:00:00+00:00,106753.783,7114979506.2755
2026-07-21 17:00:00+00:00,106972.506,7115015415.14117
2026-07-21 18:00:00+00:00,105511.582,6982872559.5002
2026-07-21 19:00:00+00:00,105098.484,6966807455.054413
2026-07-21 20:00:00+00:00,104845.037,6963401209.898798
2026-07-21 21:00:00+00:00,104773.533,6954217524.6354
2026-07-21 22:00:00+00:00,104791.418,6953162083.7032
2026-07-21 23:00:00+00:00,104759.629,6943336862.041455
2026-07-22 00:00:00+00:00,104322.618,6939780491.3814
2026-07-22 01:00:00+00:00,104101.755,6932312838.4335
2026-07-22 02:00:00+00:00,103966.236,6903233310.9168
2026-07-22 03:00:00+00:00,104006.154,6894155754.183988
2026-07-22 04:00:00+00:00,104099.137,6889554064.67088
2026-07-22 05:00:00+00:00,103948.582,6897123575.349976
2026-07-22 06:00:00+00:00,104144.296,6868784970.532
2026-07-22 07:00:00+00:00,103822.109,6842672529.738344
2026-07-22 08:00:00+00:00,103736.803,6827274247.6013975
2026-07-22 09:00:00+00:00,103471.462,6824305069.017
2026-07-22 10:00:00+00:00,103183.359,6799411898.0076
2026-07-22 11:00:00+00:00,104757.387,6915684611.6694
2026-07-22 12:00:00+00:00,104558.87,6898938827.817273
2026-07-22 13:00:00+00:00,104243.811,6838831825.6062
2026-07-22 14:00:00+00:00,104016.827,6857309319.975
2026-07-22 15:00:00+00:00,103707.578,6820804391.966603
2026-07-22 16:00:00+00:00,103214.98,6813857169.5984335
2026-07-22 17:00:00+00:00,103097.144,6825000003.6568
2026-07-22 18:00:00+00:00,102981.266,6797051903.5448
2026-07-22 19:00:00+00:00,102682.141,6763509224.66774
2026-07-22 20:00:00+00:00,102516.29,6755111487.82197
2026-07-22 21:00:00+00:00,102497.983,6753366604.3074
2026-07-22 22:00:00+00:00,102321.631,6756747510.1064
2026-07-22 23:00:00+00:00,102336.009,6755599064.5251
2026-07-23 00:00:00+00:00,102239.457,6756421156.070681
2026-07-23 01:00:00+00:00,102555.129,6771745934.4087
2026-07-23 02:00:00+00:00,102732.678,6759259579.390155
2026-07-23 03:00:00+00:00,102724.517,6756941372.0641
2026-07-23 04:00:00+00:00,102507.498,6727283415.381849
2026-07-23 05:00:00+00:00,102501.72,6722257550.868
2026-07-23 06:00:00+00:00,102325.664,6719102168.3296
2026-07-23 07:00:00+00:00,102395.961,6733896302.0313
2026-07-23 08:00:00+00:00,102191.177,6683904959.586731
2026-07-23 09:00:00+00:00,102146.294,6701637942.700634
2026-07-23 10:00:00+00:00,101977.643,6690605254.176766
2026-07-23 11:00:00+00:00,101987.386,6700999607.2212
2026-07-23 12:00:00+00:00,102130.158,6692172925.3309555
2026-07-23 13:00:00+00:00,101722.475,6626008748.7975
2026-07-23 14:00:00+00:00,101651.761,6593326356.8059
2026-07-23 15:00:00+00:00,103710.048,6729483979.535738
2026-07-23 16:00:00+00:00,104518.087,6786704907.528881
2026-07-23 17:00:00+00:00,104450.386,6761230161.359
2026-07-23 18:00:00+00:00,104804.534,6776089654.126777
2026-07-23 19:00:00+00:00,104684.727,6788008942.0248
2026-07-23 20:00:00+00:00,104790.988,6795113431.938465
2026-07-23 21:00:00+00:00,104703.011,6818019259.3947
2026-07-23 22:00:00+00:00,104408.389,6801475786.765552
2026-07-23 23:00:00+00:00,104623.676,6817100867.9108
2026-07-24 00:00:00+00:00,104584.915,6805304178.103276
2026-07-24 01:00:00+00:00,104639.812,6796397645.3248
2026-07-24 02:00:00+00:00,104734.582,6813636238.160524
2026-07-24 03:00:00+00:00,104877.158,6826642993.1044
2026-07-24 04:00:00+00:00,104885.832,6862232184.54093
2026-07-24 05:00:00+00:00,104965.216,6850019499.6384
2026-07-24 06:00:00+00:00,104914.464,6849931931.989455
2026-07-24 07:00:00+00:00,104694.563,6851379714.0208
2026-07-24 08:00:00+00:00,103274.31,6761296783.683
2026-07-24 09:00:00+00:00,103445.534,6752421542.565172
2026-07-24 10:00:00+00:00,103828.239,6757993185.6798
2026-07-24 11:00:00+00:00,104075.147,6757370329.3866
2026-07-24 12:00:00+00:00,104326.062,6786092636.050083
2026-07-24 13:00:00+00:00,104621.767,6774054698.881223
2026-07-24 14:00:00+00:00,105070.823,6736363646.6698
2026-07-24 15:00:00+00:00,105861.518,6778461203.6652
2026-07-24 16:00:00+00:00,106315.13,6811823009.36
2026-07-24 17:00:00+00:00,106208.584,6789946637.6952
2026-07-24 18:00:00+00:00,106321.9,6821074807.777492
2026-07-24 19:00:00+00:00,106207.681,6823263915.082115
2026-07-24 20:00:00+00:00,106072.717,6809619457.980074
2026-07-24 21:00:00+00:00,106242.247,6814335225.6812
2026-07-24 22:00:00+00:00,106180.561,6808507563.384857
2026-07-24 23:00:00+00:00,106252.68,6814305421.651956
2026-07-25 00:00:00+00:00,106114.818,6803700116.8152
2026-07-25 01:00:00+00:00,108135.359,6926032806.889161
2026-07-25 02:00:00+00:00,108073.52,6920930954.632
2026-07-25 03:00:00+00:00,108160.135,6923691788.546928
2026-07-25 04:00:00+00:00,108183.07,6929909462.174186
2026-07-25 05:00:00+00:00,108131.603,6936625912.117857
2026-07-25 06:00:00+00:00,108290.925,6929861163.525
2026-07-25 07:00:00+00:00,108322.773,6930815984.859
2026-07-25 08:00:00+00:00,108231.982,6924301528.244829
2026-07-25 09:00:00+00:00,108255.479,6911506103.4676
2026-07-25 10:00:00+00:00,108240.641,6924142980.7059
2026-07-25 11:00:00+00:00,108147.084,6925729608.408312
2026-07-25 12:00:00+00:00,108148.71,6924880864.881
2026-07-25 13:00:00+00:00,108043.052,6924372139.844268
2026-07-25 14:00:00+00:00,107963.835,6924896448.284293
2026-07-25 15:00:00+00:00,108024.957,6933122263.471593
2026-07-25 16:00:00+00:00,107962.508,6925800315.272307
2026-07-25 17:00:00+00:00,108055.794,6935181652.988872
2026-07-25 18:00:00+00:00,107690.768,6917699556.7856
2026-07-25 19:00:00+00:00,107525.305,6922855474.4675
2026-07-25 20:00:00+00:00,107366.138,6910041695.2248
2026-07-25 21:00:00+00:00,107423.143,6907955278.85846
2026-07-25 22:00:00+00:00,107517.446,6915399471.129404
2026-07-25 23:00:00+00:00,107497.574,6920485803.197955
2026-07-26 00:00:00+00:00,107509.0,6917476416.904509
2026-07-26 01:00:00+00:00,107497.521,6931730397.3867
2026-07-26 02:00:00+00:00,107431.963,6922303333.5309
2026-07-26 03:00:00+00:00,107456.824,6930067117.306238
2026-07-26 04:00:00+00:00,107326.202,6924568494.2178
2026-07-26 05:00:00+00:00,107259.414,6917492113.0434
2026-07-26 06:00:00+00:00,107047.319,6892348681.134
2026-07-26 07:00:00+00:00,107092.761,6897737643.249
2026-07-26 08:00:00+00:00,107079.07,6889716874.327322
2026-07-26 09:00:00+00:00,107154.83,6906139508.983
2026-07-26 10:00:00+00:00,107114.55,6910195272.51
2026-07-26 11:00:00+00:00,107386.288,6925449099.408
2026-07-26 12:00:00+00:00,107456.321,6928963226.360983
2026-07-26 13:00:00+00:00,107555.909,6930336164.335925
2026-07-26 14:00:00+00:00,107572.109,6937551917.852284
2026-07-26 15:00:00+00:00,107536.384,6956257538.877311
2026-07-26 16:00:00+00:00,107239.481,6941986943.3135
2026-07-26 17:00:00+00:00,106919.38,6917683886.0
2026-07-26 18:00:00+00:00,106941.889,6915604605.533021
2026-07-26 19:00:00+00:00,106941.084,6919826028.2796
2026-07-26 20:00:00+00:00,106880.745,6911798125.009409
2026-07-26 21:00:00+00:00,106844.642,6904469580.57436
2026-07-26 22:00:00+00:00,106657.403,6913690128.027457
2026-07-26 23:00:00+00:00,105041.323,6868176124.587668
2026-07-27 00:00:00+00:00,104354.198,6821873937.9154
2026-07-27 01:00:00+00:00,104141.133,6780212605.098
2026-07-27 02:00:00+00:00,104065.756,6783097086.403854
2026-07-27 03:00:00+00:00,104141.408,6784378924.882924
2026-07-27 04:00:00+00:00,104206.93,6800700562.195
2026-07-27 05:00:00+00:00,104072.795,6791509605.1535
2026-07-27 06:00:00+00:00,104242.464,6821426819.489919
2026-07-27 07:00:00+00:00,104043.672,6803207624.736
2026-07-27 08:00:00+00:00,104270.783,6798106204.628086
2026-07-27 09:00:00+00:00,104467.889,6804996502.3044
2026-07-27 10:00:00+00:00,104633.198,6826071095.100711
2026-07-27 11:00:00+00:00,104619.861,6833225297.2428
2026-07-27 12:00:00+00:00,104709.053,6813742676.7743
2026-07-27 13:00:00+00:00,104706.132,6812704478.58
2026-07-27 14:00:00+00:00,104458.706,6809600368.9164
2026-07-27 15:00:00+00:00,104240.381,6740349820.0696
2026-07-27 16:00:00+00:00,104955.491,6771650070.747201
2026-07-27 17:00:00+00:00,105036.123,6813808838.7453
2026-07-27 18:00:00+00:00,105064.425,6828578251.335
2026-07-27 19:00:00+00:00,105024.785,6811350923.7395
2026-07-27 20:00:00+00:00,104851.951,6810364891.7422
2026-07-27 21:00:00+00:00,104800.297,6805774998.776037
2026-07-27 22:00:00+00:00,104722.127,6784978024.9681
2026-07-27 23:00:00+00:00,105288.963,6713589502.56213
2026-07-28 00:00:00+00:00,105602.91,6729450397.131
2026-07-28 01:00:00+00:00,105709.895,6707881043.608456
2026-07-28 02:00:00+00:00,105965.871,6696597990.5418
2026-07-28 03:00:00+00:00,106169.213,6704431851.744639
2026-07-28 04:00:00+00:00,106192.029,6723276953.178072
2026-07-28 05:00:00+00:00,105600.7,6687005926.45
2026-07-28 06:00:00+00:00,105715.544,6704727549.453876
2026-07-28 07:00:00+00:00,105917.229,6737331386.3526
2026-07-28 08:00:00+00:00,105984.625,6727554245.7375
2026-07-28 09:00:00+00:00,106058.356,6724321709.038473
2026-07-28 10:00:00+00:00,105673.525,6696363392.35196
2026-07-28 11:00:00+00:00,105436.983,6689433627.004275
2026-07-28 12:00:00+00:00,105433.841,6687742338.3187
2026-07-28 13:00:00+00:00,105462.814,6699135046.9382
